{
  "id": "3207396",
  "name": "todolist:uni-app",
  "font_family": "iconfont",
  "css_prefix_text": "icon-",
  "description": "",
  "glyphs": [
    {
      "icon_id": "2742655",
      "name": "时间",
      "font_class": "shijian",
      "unicode": "e675",
      "unicode_decimal": 58997
    },
    {
      "icon_id": "5663595",
      "name": "分类",
      "font_class": "fenlei",
      "unicode": "e629",
      "unicode_decimal": 58921
    },
    {
      "icon_id": "9974757",
      "name": "感叹号",
      "font_class": "gantanhao",
      "unicode": "e710",
      "unicode_decimal": 59152
    },
    {
      "icon_id": "5387615",
      "name": "选择器展开",
      "font_class": "xuanzeqizhankai",
      "unicode": "eb15",
      "unicode_decimal": 60181
    },
    {
      "icon_id": "3863664",
      "name": "圆",
      "font_class": "big-circle",
      "unicode": "e612",
      "unicode_decimal": 58898
    },
    {
      "icon_id": "19013396",
      "name": "正确-correct",
      "font_class": "zhengque-correct",
      "unicode": "e651",
      "unicode_decimal": 58961
    },
    {
      "icon_id": "4604225",
      "name": "邮箱",
      "font_class": "youxiang",
      "unicode": "e61a",
      "unicode_decimal": 58906
    },
    {
      "icon_id": "8620353",
      "name": "密码",
      "font_class": "mima",
      "unicode": "e603",
      "unicode_decimal": 58883
    }
  ]
}
